Workbook

Sheet Пересчет мощностей
A1: t°С подающей линии | B1: 95
A2: t°С обратной линии | B2: 85 | C2: Мощность радиаторов расчитана согласно ГОСТ 31311-2022 для температурного графика 95/85/20°С, температурный напор 70°С
A3: t°С в помещении | B3: 20
A4: Высота радиатора | B4: 1
B6: Длина радиатора
B7: 400 | C7: 500 | D7: 600 | E7: 700 | F7: 800 | G7: 900 | H7: 1000 | I7: 1100 | J7: 1200 | K7: 1300 | L7: 1400 | M7: 1500 | N7: 1600 | O7: 1700 | P7: 1800 | Q7: 1900 | R7: 2000 | S7: 2100 | T7: 2200 | U7: 2300 | V7: 2400 | W7: 2500 | X7: 2600 | Y7: 2700 | Z7: 2800 | AA7: 2900 | AB7: 3000
A8: Qну для типа 10 | B8: =IF($B$4=1,Данные!$E3*(B$7/1000),IF($B$4=2,Данные!$E10*(B$7/1000),IF($B$4=3,Данные!$E17*(B$7/1000),IF($B$4=4,Данные!$E24*(B$7/1000),IF($B$4=5,Данные!$E31*(B$7/1000),0))))) -> 224.8 | C8: =IF($B$4=1,Данные!$E3*(C$7/1000),IF($B$4=2,Данные!$E10*(C$7/1000),IF($B$4=3,Данные!$E17*(C$7/1000),IF($B$4=4,Данные!$E24*(C$7/1000),IF($B$4=5,Данные!$E31*(C$7/1000),0))))) -> 281 | D8: =IF($B$4=1,Данные!$E3*(D$7/1000),IF($B$4=2,Данные!$E10*(D$7/1000),IF($B$4=3,Данные!$E17*(D$7/1000),IF($B$4=4,Данные!$E24*(D$7/1000),IF($B$4=5,Данные!$E31*(D$7/1000),0))))) -> 337.2 | E8: =IF($B$4=1,Данные!$E3*(E$7/1000),IF($B$4=2,Данные!$E10*(E$7/1000),IF($B$4=3,Данные!$E17*(E$7/1000),IF($B$4=4,Данные!$E24*(E$7/1000),IF($B$4=5,Данные!$E31*(E$7/1000),0))))) -> 393.4 | F8: =IF($B$4=1,Данные!$E3*(F$7/1000),IF($B$4=2,Данные!$E10*(F$7/1000),IF($B$4=3,Данные!$E17*(F$7/1000),IF($B$4=4,Данные!$E24*(F$7/1000),IF($B$4=5,Данные!$E31*(F$7/1000),0))))) -> 449.6 | G8: =IF($B$4=1,Данные!$E3*(G$7/1000),IF($B$4=2,Данные!$E10*(G$7/1000),IF($B$4=3,Данные!$E17*(G$7/1000),IF($B$4=4,Данные!$E24*(G$7/1000),IF($B$4=5,Данные!$E31*(G$7/1000),0))))) -> 505.8 | H8: =IF($B$4=1,Данные!$E3*(H$7/1000),IF($B$4=2,Данные!$E10*(H$7/1000),IF($B$4=3,Данные!$E17*(H$7/1000),IF($B$4=4,Данные!$E24*(H$7/1000),IF($B$4=5,Данные!$E31*(H$7/1000),0))))) -> 562 | I8: =IF($B$4=1,Данные!$E3*(I$7/1000),IF($B$4=2,Данные!$E10*(I$7/1000),IF($B$4=3,Данные!$E17*(I$7/1000),IF($B$4=4,Данные!$E24*(I$7/1000),IF($B$4=5,Данные!$E31*(I$7/1000),0))))) -> 618.2 | ... AB8: =IF($B$4=1,Данные!$E3*(AB$7/1000),IF($B$4=2,Данные!$E10*(AB$7/1000),IF($B$4=3,Данные!$E17*(AB$7/1000),IF($B$4=4,Данные!$E24*(AB$7/1000),IF($B$4=5,Данные!$E31*(AB$7/1000),0))))) -> 1686
A9: Qну для типа 11 | B9: =IF($B$4=1,Данные!$E4*(B$7/1000),IF($B$4=2,Данные!$E11*(B$7/1000),IF($B$4=3,Данные!$E18*(B$7/1000),IF($B$4=4,Данные!$E25*(B$7/1000),IF($B$4=5,Данные!$E32*(B$7/1000),0))))) -> 319.2 | C9: =IF($B$4=1,Данные!$E4*(C$7/1000),IF($B$4=2,Данные!$E11*(C$7/1000),IF($B$4=3,Данные!$E18*(C$7/1000),IF($B$4=4,Данные!$E25*(C$7/1000),IF($B$4=5,Данные!$E32*(C$7/1000),0))))) -> 399 | D9: =IF($B$4=1,Данные!$E4*(D$7/1000),IF($B$4=2,Данные!$E11*(D$7/1000),IF($B$4=3,Данные!$E18*(D$7/1000),IF($B$4=4,Данные!$E25*(D$7/1000),IF($B$4=5,Данные!$E32*(D$7/1000),0))))) -> 478.8 | E9: =IF($B$4=1,Данные!$E4*(E$7/1000),IF($B$4=2,Данные!$E11*(E$7/1000),IF($B$4=3,Данные!$E18*(E$7/1000),IF($B$4=4,Данные!$E25*(E$7/1000),IF($B$4=5,Данные!$E32*(E$7/1000),0))))) -> 558.6 | F9: =IF($B$4=1,Данные!$E4*(F$7/1000),IF($B$4=2,Данные!$E11*(F$7/1000),IF($B$4=3,Данные!$E18*(F$7/1000),IF($B$4=4,Данные!$E25*(F$7/1000),IF($B$4=5,Данные!$E32*(F$7/1000),0))))) -> 638.4 | G9: =IF($B$4=1,Данные!$E4*(G$7/1000),IF($B$4=2,Данные!$E11*(G$7/1000),IF($B$4=3,Данные!$E18*(G$7/1000),IF($B$4=4,Данные!$E25*(G$7/1000),IF($B$4=5,Данные!$E32*(G$7/1000),0))))) -> 718.2 | H9: =IF($B$4=1,Данные!$E4*(H$7/1000),IF($B$4=2,Данные!$E11*(H$7/1000),IF($B$4=3,Данные!$E18*(H$7/1000),IF($B$4=4,Данные!$E25*(H$7/1000),IF($B$4=5,Данные!$E32*(H$7/1000),0))))) -> 798 | I9: =IF($B$4=1,Данные!$E4*(I$7/1000),IF($B$4=2,Данные!$E11*(I$7/1000),IF($B$4=3,Данные!$E18*(I$7/1000),IF($B$4=4,Данные!$E25*(I$7/1000),IF($B$4=5,Данные!$E32*(I$7/1000),0))))) -> 877.8 | ... AB9: =IF($B$4=1,Данные!$E4*(AB$7/1000),IF($B$4=2,Данные!$E11*(AB$7/1000),IF($B$4=3,Данные!$E18*(AB$7/1000),IF($B$4=4,Данные!$E25*(AB$7/1000),IF($B$4=5,Данные!$E32*(AB$7/1000),0))))) -> 2394
A10: Qну для типа 20 | B10: =IF($B$4=1,Данные!$E5*(B$7/1000),IF($B$4=2,Данные!$E12*(B$7/1000),IF($B$4=3,Данные!$E19*(B$7/1000),IF($B$4=4,Данные!$E26*(B$7/1000),IF($B$4=5,Данные!$E33*(B$7/1000),0))))) -> 368.8 | C10: =IF($B$4=1,Данные!$E5*(C$7/1000),IF($B$4=2,Данные!$E12*(C$7/1000),IF($B$4=3,Данные!$E19*(C$7/1000),IF($B$4=4,Данные!$E26*(C$7/1000),IF($B$4=5,Данные!$E33*(C$7/1000),0))))) -> 461 | D10: =IF($B$4=1,Данные!$E5*(D$7/1000),IF($B$4=2,Данные!$E12*(D$7/1000),IF($B$4=3,Данные!$E19*(D$7/1000),IF($B$4=4,Данные!$E26*(D$7/1000),IF($B$4=5,Данные!$E33*(D$7/1000),0))))) -> 553.2 | E10: =IF($B$4=1,Данные!$E5*(E$7/1000),IF($B$4=2,Данные!$E12*(E$7/1000),IF($B$4=3,Данные!$E19*(E$7/1000),IF($B$4=4,Данные!$E26*(E$7/1000),IF($B$4=5,Данные!$E33*(E$7/1000),0))))) -> 645.4 | F10: =IF($B$4=1,Данные!$E5*(F$7/1000),IF($B$4=2,Данные!$E12*(F$7/1000),IF($B$4=3,Данные!$E19*(F$7/1000),IF($B$4=4,Данные!$E26*(F$7/1000),IF($B$4=5,Данные!$E33*(F$7/1000),0))))) -> 737.6 | G10: =IF($B$4=1,Данные!$E5*(G$7/1000),IF($B$4=2,Данные!$E12*(G$7/1000),IF($B$4=3,Данные!$E19*(G$7/1000),IF($B$4=4,Данные!$E26*(G$7/1000),IF($B$4=5,Данные!$E33*(G$7/1000),0))))) -> 829.8 | H10: =IF($B$4=1,Данные!$E5*(H$7/1000),IF($B$4=2,Данные!$E12*(H$7/1000),IF($B$4=3,Данные!$E19*(H$7/1000),IF($B$4=4,Данные!$E26*(H$7/1000),IF($B$4=5,Данные!$E33*(H$7/1000),0))))) -> 922 | I10: =IF($B$4=1,Данные!$E5*(I$7/1000),IF($B$4=2,Данные!$E12*(I$7/1000),IF($B$4=3,Данные!$E19*(I$7/1000),IF($B$4=4,Данные!$E26*(I$7/1000),IF($B$4=5,Данные!$E33*(I$7/1000),0))))) -> 1014.2 | ... AB10: =IF($B$4=1,Данные!$E5*(AB$7/1000),IF($B$4=2,Данные!$E12*(AB$7/1000),IF($B$4=3,Данные!$E19*(AB$7/1000),IF($B$4=4,Данные!$E26*(AB$7/1000),IF($B$4=5,Данные!$E33*(AB$7/1000),0))))) -> 2766
A11: Qну для типа 21 | B11: =IF($B$4=1,Данные!$E6*(B$7/1000),IF($B$4=2,Данные!$E13*(B$7/1000),IF($B$4=3,Данные!$E20*(B$7/1000),IF($B$4=4,Данные!$E27*(B$7/1000),IF($B$4=5,Данные!$E34*(B$7/1000),0))))) -> 457.6 | C11: =IF($B$4=1,Данные!$E6*(C$7/1000),IF($B$4=2,Данные!$E13*(C$7/1000),IF($B$4=3,Данные!$E20*(C$7/1000),IF($B$4=4,Данные!$E27*(C$7/1000),IF($B$4=5,Данные!$E34*(C$7/1000),0))))) -> 572 | D11: =IF($B$4=1,Данные!$E6*(D$7/1000),IF($B$4=2,Данные!$E13*(D$7/1000),IF($B$4=3,Данные!$E20*(D$7/1000),IF($B$4=4,Данные!$E27*(D$7/1000),IF($B$4=5,Данные!$E34*(D$7/1000),0))))) -> 686.4 | E11: =IF($B$4=1,Данные!$E6*(E$7/1000),IF($B$4=2,Данные!$E13*(E$7/1000),IF($B$4=3,Данные!$E20*(E$7/1000),IF($B$4=4,Данные!$E27*(E$7/1000),IF($B$4=5,Данные!$E34*(E$7/1000),0))))) -> 800.8 | F11: =IF($B$4=1,Данные!$E6*(F$7/1000),IF($B$4=2,Данные!$E13*(F$7/1000),IF($B$4=3,Данные!$E20*(F$7/1000),IF($B$4=4,Данные!$E27*(F$7/1000),IF($B$4=5,Данные!$E34*(F$7/1000),0))))) -> 915.2 | G11: =IF($B$4=1,Данные!$E6*(G$7/1000),IF($B$4=2,Данные!$E13*(G$7/1000),IF($B$4=3,Данные!$E20*(G$7/1000),IF($B$4=4,Данные!$E27*(G$7/1000),IF($B$4=5,Данные!$E34*(G$7/1000),0))))) -> 1029.6 | H11: =IF($B$4=1,Данные!$E6*(H$7/1000),IF($B$4=2,Данные!$E13*(H$7/1000),IF($B$4=3,Данные!$E20*(H$7/1000),IF($B$4=4,Данные!$E27*(H$7/1000),IF($B$4=5,Данные!$E34*(H$7/1000),0))))) -> 1144 | I11: =IF($B$4=1,Данные!$E6*(I$7/1000),IF($B$4=2,Данные!$E13*(I$7/1000),IF($B$4=3,Данные!$E20*(I$7/1000),IF($B$4=4,Данные!$E27*(I$7/1000),IF($B$4=5,Данные!$E34*(I$7/1000),0))))) -> 1258.4 | ... AB11: =IF($B$4=1,Данные!$E6*(AB$7/1000),IF($B$4=2,Данные!$E13*(AB$7/1000),IF($B$4=3,Данные!$E20*(AB$7/1000),IF($B$4=4,Данные!$E27*(AB$7/1000),IF($B$4=5,Данные!$E34*(AB$7/1000),0))))) -> 3432
A12: Qну для типа 22 | B12: =IF($B$4=1,Данные!$E7*(B$7/1000),IF($B$4=2,Данные!$E14*(B$7/1000),IF($B$4=3,Данные!$E21*(B$7/1000),IF($B$4=4,Данные!$E28*(B$7/1000),IF($B$4=5,Данные!$E35*(B$7/1000),0))))) -> 610.4 | C12: =IF($B$4=1,Данные!$E7*(C$7/1000),IF($B$4=2,Данные!$E14*(C$7/1000),IF($B$4=3,Данные!$E21*(C$7/1000),IF($B$4=4,Данные!$E28*(C$7/1000),IF($B$4=5,Данные!$E35*(C$7/1000),0))))) -> 763 | D12: =IF($B$4=1,Данные!$E7*(D$7/1000),IF($B$4=2,Данные!$E14*(D$7/1000),IF($B$4=3,Данные!$E21*(D$7/1000),IF($B$4=4,Данные!$E28*(D$7/1000),IF($B$4=5,Данные!$E35*(D$7/1000),0))))) -> 915.6 | E12: =IF($B$4=1,Данные!$E7*(E$7/1000),IF($B$4=2,Данные!$E14*(E$7/1000),IF($B$4=3,Данные!$E21*(E$7/1000),IF($B$4=4,Данные!$E28*(E$7/1000),IF($B$4=5,Данные!$E35*(E$7/1000),0))))) -> 1068.2 | F12: =IF($B$4=1,Данные!$E7*(F$7/1000),IF($B$4=2,Данные!$E14*(F$7/1000),IF($B$4=3,Данные!$E21*(F$7/1000),IF($B$4=4,Данные!$E28*(F$7/1000),IF($B$4=5,Данные!$E35*(F$7/1000),0))))) -> 1220.8 | G12: =IF($B$4=1,Данные!$E7*(G$7/1000),IF($B$4=2,Данные!$E14*(G$7/1000),IF($B$4=3,Данные!$E21*(G$7/1000),IF($B$4=4,Данные!$E28*(G$7/1000),IF($B$4=5,Данные!$E35*(G$7/1000),0))))) -> 1373.4 | H12: =IF($B$4=1,Данные!$E7*(H$7/1000),IF($B$4=2,Данные!$E14*(H$7/1000),IF($B$4=3,Данные!$E21*(H$7/1000),IF($B$4=4,Данные!$E28*(H$7/1000),IF($B$4=5,Данные!$E35*(H$7/1000),0))))) -> 1526 | I12: =IF($B$4=1,Данные!$E7*(I$7/1000),IF($B$4=2,Данные!$E14*(I$7/1000),IF($B$4=3,Данные!$E21*(I$7/1000),IF($B$4=4,Данные!$E28*(I$7/1000),IF($B$4=5,Данные!$E35*(I$7/1000),0))))) -> 1678.6 | ... AB12: =IF($B$4=1,Данные!$E7*(AB$7/1000),IF($B$4=2,Данные!$E14*(AB$7/1000),IF($B$4=3,Данные!$E21*(AB$7/1000),IF($B$4=4,Данные!$E28*(AB$7/1000),IF($B$4=5,Данные!$E35*(AB$7/1000),0))))) -> 4578
A13: Qну для типа 30 | B13: =IF($B$4=1,Данные!$E8*(B$7/1000),IF($B$4=2,Данные!$E15*(B$7/1000),IF($B$4=3,Данные!$E22*(B$7/1000),IF($B$4=4,Данные!$E29*(B$7/1000),IF($B$4=5,Данные!$E36*(B$7/1000),0))))) -> 560.4 | C13: =IF($B$4=1,Данные!$E8*(C$7/1000),IF($B$4=2,Данные!$E15*(C$7/1000),IF($B$4=3,Данные!$E22*(C$7/1000),IF($B$4=4,Данные!$E29*(C$7/1000),IF($B$4=5,Данные!$E36*(C$7/1000),0))))) -> 700.5 | D13: =IF($B$4=1,Данные!$E8*(D$7/1000),IF($B$4=2,Данные!$E15*(D$7/1000),IF($B$4=3,Данные!$E22*(D$7/1000),IF($B$4=4,Данные!$E29*(D$7/1000),IF($B$4=5,Данные!$E36*(D$7/1000),0))))) -> 840.6 | E13: =IF($B$4=1,Данные!$E8*(E$7/1000),IF($B$4=2,Данные!$E15*(E$7/1000),IF($B$4=3,Данные!$E22*(E$7/1000),IF($B$4=4,Данные!$E29*(E$7/1000),IF($B$4=5,Данные!$E36*(E$7/1000),0))))) -> 980.7 | F13: =IF($B$4=1,Данные!$E8*(F$7/1000),IF($B$4=2,Данные!$E15*(F$7/1000),IF($B$4=3,Данные!$E22*(F$7/1000),IF($B$4=4,Данные!$E29*(F$7/1000),IF($B$4=5,Данные!$E36*(F$7/1000),0))))) -> 1120.8 | G13: =IF($B$4=1,Данные!$E8*(G$7/1000),IF($B$4=2,Данные!$E15*(G$7/1000),IF($B$4=3,Данные!$E22*(G$7/1000),IF($B$4=4,Данные!$E29*(G$7/1000),IF($B$4=5,Данные!$E36*(G$7/1000),0))))) -> 1260.9 | H13: =IF($B$4=1,Данные!$E8*(H$7/1000),IF($B$4=2,Данные!$E15*(H$7/1000),IF($B$4=3,Данные!$E22*(H$7/1000),IF($B$4=4,Данные!$E29*(H$7/1000),IF($B$4=5,Данные!$E36*(H$7/1000),0))))) -> 1401 | I13: =IF($B$4=1,Данные!$E8*(I$7/1000),IF($B$4=2,Данные!$E15*(I$7/1000),IF($B$4=3,Данные!$E22*(I$7/1000),IF($B$4=4,Данные!$E29*(I$7/1000),IF($B$4=5,Данные!$E36*(I$7/1000),0))))) -> 1541.1 | ... AB13: =IF($B$4=1,Данные!$E8*(AB$7/1000),IF($B$4=2,Данные!$E15*(AB$7/1000),IF($B$4=3,Данные!$E22*(AB$7/1000),IF($B$4=4,Данные!$E29*(AB$7/1000),IF($B$4=5,Данные!$E36*(AB$7/1000),0))))) -> 4203
A14: Qну для типа 33 | B14: =IF($B$4=1,Данные!$E9*(B$7/1000),IF($B$4=2,Данные!$E16*(B$7/1000),IF($B$4=3,Данные!$E23*(B$7/1000),IF($B$4=4,Данные!$E30*(B$7/1000),IF($B$4=5,Данные!$E37*(B$7/1000),0))))) -> 859.6 | C14: =IF($B$4=1,Данные!$E9*(C$7/1000),IF($B$4=2,Данные!$E16*(C$7/1000),IF($B$4=3,Данные!$E23*(C$7/1000),IF($B$4=4,Данные!$E30*(C$7/1000),IF($B$4=5,Данные!$E37*(C$7/1000),0))))) -> 1074.5 | D14: =IF($B$4=1,Данные!$E9*(D$7/1000),IF($B$4=2,Данные!$E16*(D$7/1000),IF($B$4=3,Данные!$E23*(D$7/1000),IF($B$4=4,Данные!$E30*(D$7/1000),IF($B$4=5,Данные!$E37*(D$7/1000),0))))) -> 1289.4 | E14: =IF($B$4=1,Данные!$E9*(E$7/1000),IF($B$4=2,Данные!$E16*(E$7/1000),IF($B$4=3,Данные!$E23*(E$7/1000),IF($B$4=4,Данные!$E30*(E$7/1000),IF($B$4=5,Данные!$E37*(E$7/1000),0))))) -> 1504.3 | F14: =IF($B$4=1,Данные!$E9*(F$7/1000),IF($B$4=2,Данные!$E16*(F$7/1000),IF($B$4=3,Данные!$E23*(F$7/1000),IF($B$4=4,Данные!$E30*(F$7/1000),IF($B$4=5,Данные!$E37*(F$7/1000),0))))) -> 1719.2 | G14: =IF($B$4=1,Данные!$E9*(G$7/1000),IF($B$4=2,Данные!$E16*(G$7/1000),IF($B$4=3,Данные!$E23*(G$7/1000),IF($B$4=4,Данные!$E30*(G$7/1000),IF($B$4=5,Данные!$E37*(G$7/1000),0))))) -> 1934.1 | H14: =IF($B$4=1,Данные!$E9*(H$7/1000),IF($B$4=2,Данные!$E16*(H$7/1000),IF($B$4=3,Данные!$E23*(H$7/1000),IF($B$4=4,Данные!$E30*(H$7/1000),IF($B$4=5,Данные!$E37*(H$7/1000),0))))) -> 2149 | I14: =IF($B$4=1,Данные!$E9*(I$7/1000),IF($B$4=2,Данные!$E16*(I$7/1000),IF($B$4=3,Данные!$E23*(I$7/1000),IF($B$4=4,Данные!$E30*(I$7/1000),IF($B$4=5,Данные!$E37*(I$7/1000),0))))) -> 2363.9 | ... AB14: =IF($B$4=1,Данные!$E9*(AB$7/1000),IF($B$4=2,Данные!$E16*(AB$7/1000),IF($B$4=3,Данные!$E23*(AB$7/1000),IF($B$4=4,Данные!$E30*(AB$7/1000),IF($B$4=5,Данные!$E37*(AB$7/1000),0))))) -> 6447

Sheet Данные
A1: Высота прибора | B1: Тип прибора | C1: Экспонент | D1: Температурный график | H1: Напор
D2: 95/85/20 | E2: ='Пересчет мощностей'!B1 -> 95 | F2: ='Пересчет мощностей'!B2 -> 85 | G2: ='Пересчет мощностей'!B3 -> 20 | H2: =(('Пересчет мощностей'!$B$1+'Пересчет мощностей'!$B$2)/2)-'Пересчет мощностей'!B3 -> 70
A3: 300 | B3: 10 | C3: 1.31 | D3: 562 | E3: =D3/H3 -> 562 | H3: =POWER(70/$H$2,C3) -> 1
B4: 11 | C4: 1.28 | D4: 798 | E4: =D4/H4 -> 798 | H4: =POWER(70/$H$2,C4) -> 1 | J4: 300 мм
B5: 20 | C5: 1.28 | D5: 922 | E5: =D5/H5 -> 922 | H5: =POWER(70/$H$2,C5) -> 1 | J5: 400 мм
B6: 21 | C6: 1.3 | D6: 1144 | E6: =D6/H6 -> 1144 | H6: =POWER(70/$H$2,C6) -> 1 | J6: 500 мм
B7: 22 | C7: 1.29 | D7: 1526 | E7: =D7/H7 -> 1526 | H7: =POWER(70/$H$2,C7) -> 1 | J7: 600 мм
B8: 30 | C8: 1.29 | D8: 1401 | E8: =D8/H8 -> 1401 | H8: =POWER(70/$H$2,C8) -> 1 | J8: 900 мм
B9: 33 | C9: 1.31 | D9: 2149 | E9: =D9/H9 -> 2149 | H9: =POWER(70/$H$2,C9) -> 1
A10: 400 | B10: 10 | C10: 1.29 | D10: 720 | E10: =D10/H10 -> 720 | H10: =POWER(70/$H$2,C10) -> 1
B11: 11 | C11: 1.28 | D11: 1064 | E11: =D11/H11 -> 1064 | H11: =POWER(70/$H$2,C11) -> 1
B12: 20 | C12: 1.28 | D12: 1229 | E12: =D12/H12 -> 1229 | H12: =POWER(70/$H$2,C12) -> 1
B13: 21 | C13: 1.3 | D13: 1494 | E13: =D13/H13 -> 1494 | H13: =POWER(70/$H$2,C13) -> 1
B14: 22 | C14: 1.29 | D14: 1923 | E14: =D14/H14 -> 1923 | H14: =POWER(70/$H$2,C14) -> 1
B15: 30 | C15: 1.3 | D15: 1770 | E15: =D15/H15 -> 1770 | H15: =POWER(70/$H$2,C15) -> 1
B16: 33 | C16: 1.3 | D16: 2750 | E16: =D16/H16 -> 2750 | H16: =POWER(70/$H$2,C16) -> 1
A17: 500 | B17: 10 | C17: 1.27 | D17: 914 | E17: =D17/H17 -> 914 | H17: =POWER(70/$H$2,C17) -> 1
B18: 11 | C18: 1.28 | D18: 1330 | E18: =D18/H18 -> 1330 | H18: =POWER(70/$H$2,C18) -> 1
B19: 20 | C19: 1.27 | D19: 1475 | E19: =D19/H19 -> 1475 | H19: =POWER(70/$H$2,C19) -> 1
B20: 21 | C20: 1.31 | D20: 1906 | E20: =D20/H20 -> 1906 | H20: =POWER(70/$H$2,C20) -> 1
B21: 22 | C21: 1.3 | D21: 2352 | E21: =D21/H21 -> 2352 | H21: =POWER(70/$H$2,C21) -> 1
B22: 30 | C22: 1.3 | D22: 2163 | E22: =D22/H22 -> 2163 | H22: =POWER(70/$H$2,C22) -> 1
B23: 33 | C23: 1.32 | D23: 3259 | E23: =D23/H23 -> 3259 | H23: =POWER(70/$H$2,C23) -> 1
A24: 600 | B24: 10 | C24: 1.25 | D24: 1057 | E24: =D24/H24 -> 1057 | H24: =POWER(70/$H$2,C24) -> 1
B25: 11 | C25: 1.28 | D25: 1580 | E25: =D25/H25 -> 1580 | H25: =POWER(70/$H$2,C25) -> 1
B26: 20 | C26: 1.27 | D26: 1705 | E26: =D26/H26 -> 1705 | H26: =POWER(70/$H$2,C26) -> 1
B27: 21 | C27: 1.31 | D27: 2116 | E27: =D27/H27 -> 2116 | H27: =POWER(70/$H$2,C27) -> 1
B28: 22 | C28: 1.31 | D28: 2747 | E28: =D28/H28 -> 2747 | H28: =POWER(70/$H$2,C28) -> 1
B29: 30 | C29: 1.31 | D29: 2655 | E29: =D29/H29 -> 2655 | H29: =POWER(70/$H$2,C29) -> 1
B30: 33 | C30: 1.33 | D30: 3782 | E30: =D30/H30 -> 3782 | H30: =POWER(70/$H$2,C30) -> 1
A31: 900 | B31: 10 | C31: 1.26 | D31: 1485 | E31: =D31/H31 -> 1485 | H31: =POWER(70/$H$2,C31) -> 1
B32: 11 | C32: 1.29 | D32: 2166 | E32: =D32/H32 -> 2166 | H32: =POWER(70/$H$2,C32) -> 1
B33: 20 | C33: 1.3 | D33: 2545 | E33: =D33/H33 -> 2545 | H33: =POWER(70/$H$2,C33) -> 1
B34: 21 | C34: 1.33 | D34: 2917 | E34: =D34/H34 -> 2917 | H34: =POWER(70/$H$2,C34) -> 1
B35: 22 | C35: 1.33 | D35: 3891 | E35: =D35/H35 -> 3891 | H35: =POWER(70/$H$2,C35) -> 1
B36: 30 | C36: 1.33 | D36: 3717 | E36: =D36/H36 -> 3717 | H36: =POWER(70/$H$2,C36) -> 1
B37: 33 | C37: 1.33 | D37: 4835 | E37: =D37/H37 -> 4835 | H37: =POWER(70/$H$2,C37) -> 1
A39: * Тепловая мощность по ГОСТ 31311-2022 (НИИ Витатерм 2016)
